{"v":"5.6.2","fr":30,"ip":0,"op":300,"w":1920,"h":1920,"nm":"Infinity","ddd":0,"assets":[],"layers":[{"ddd":0,"ind":1,"ty":4,"nm":"infinity Outlines","sr":1,"ks":{"o":{"a":0,"k":100,"ix":11},"r":{"a":0,"k":0,"ix":10},"p":{"a":0,"k":[960,960,0],"ix":2},"a":{"a":0,"k":[908.021,359.742,0],"ix":1},"s":{"a":0,"k":[162,162,100],"ix":6}},"ao":0,"shapes":[{"ty":"gr","it":[{"ind":0,"ty":"sh","ix":1,"ks":{"a":0,"k":{"i":[[0,0],[0,0],[0,0],[-27.666,0],[0,-87.558],[87.557,0],[24.875,16.227],[0,0],[27.362,0],[0,-87.558],[-87.558,0],[-22.702,12.549]],"o":[[0,0],[0,0],[22.64,-12.457],[87.557,0],[0,87.557],[-31.915,0],[0,0],[-22.454,-12.22],[-87.558,0],[0,87.557],[27.775,0],[0,0]],"v":[[-254.612,138.836],[254.878,-138.985],[254.875,-138.992],[331.192,-158.536],[489.729,0],[331.192,158.536],[244.69,132.88],[-255.624,-139.401],[-331.192,-158.536],[-489.729,0],[-331.192,158.536],[-254.608,138.846]],"c":false},"ix":2},"nm":"Path 1","mn":"ADBE Vector Shape - Group","hd":false},{"ty":"st","c":{"a":0,"k":[0.082352941176,0.082352941176,0.082352941176,1],"ix":3},"o":{"a":0,"k":100,"ix":4},"w":{"a":0,"k":14,"ix":5},"lc":2,"lj":2,"bm":0,"nm":"Stroke 1","mn":"ADBE Vector Graphic - Stroke","hd":false},{"ty":"tr","p":{"a":0,"k":[908.021,359.742],"ix":2},"a":{"a":0,"k":[0,0],"ix":1},"s":{"a":0,"k":[100,100],"ix":3},"r":{"a":0,"k":0,"ix":6},"o":{"a":0,"k":100,"ix":7},"sk":{"a":0,"k":0,"ix":4},"sa":{"a":0,"k":0,"ix":5},"nm":"Transform"}],"nm":"Group 1","np":2,"cix":2,"bm":0,"ix":1,"mn":"ADBE Vector Group","hd":false},{"ty":"tm","s":{"a":0,"k":0,"ix":1},"e":{"a":0,"k":82,"ix":2},"o":{"a":0,"k":9,"ix":3,"x":"var $bm_rt;\n$bm_rt = $bm_mul(time, 400);"},"m":1,"ix":2,"nm":"Trim Paths 1","mn":"ADBE Vector Filter - Trim","hd":false}],"ip":0,"op":300,"st":0,"bm":0}],"markers":[]}